Name,Links,Cost,Collections,Cuisines,Timings
Beyond Flavours,https://www.zomato.com/hyderabad/beyond-flavours-gachibowli,800.0,"Food Hygiene Rated Restaurants in Hyderabad, Corporate Favorites, Great Buffets, Top-Rated, Gold Curated, Live Sports Screenings","Chinese, Continental, Kebab, European, South Indian, North Indian","12noon to 3:30pm, 6:30pm to 11:30pm (Mon-Sun)"
Paradise,https://www.zomato.com/hyderabad/paradise-gachibowli,800.0,Hyderabad's Hottest,"Biryani, North Indian, Chinese",11 AM to 11 PM
Flechazo,https://www.zomato.com/hyderabad/flechazo-gachibowli,1300.0,"Great Buffets, Hyderabad's Hottest","Asian, Mediterranean, North Indian, Desserts","11:30 AM to 4:30 PM, 6:30 PM to 11 PM"
Shah Ghouse Hotel & Restaurant,https://www.zomato.com/hyderabad/shah-ghouse-hotel-restaurant-gachibowli,800.0,Late Night Restaurants,"Biryani, North Indian, Chinese, Seafood, Beverages",12 Noon to 2 AM
Over The Moon Brew Company,https://www.zomato.com/hyderabad/over-the-moon-brew-company-gachibowli,1200.0,"Best Bars & Pubs, Food Hygiene Rated Restaurants in Hyderabad, Top-Rated, Gold Curated, Hyderabad's Hottest","Asian, Continental, North Indian, Chinese, Mediterranean","12noon to 11pm (Mon, Tue, Wed, Thu, Sun), 12noon to 12midnight (Fri-Sat)"
The Fisherman's Wharf,https://www.zomato.com/hyderabad/the-fishermans-wharf-gachibowli,1500.0,"Sunday Brunches, Corporate Favorites, Great Buffets, Hyderabad's Hottest, Food Hygiene Rated Restaurants in Hyderabad, Top-Rated, Gold Curated","Seafood, Goan, North Indian, Continental, Asian","12Noon to 3:30PM, 4PM to 6:30PM, 7PM to 11:30PM (Mon, Tue, Wed, Thu, Sun), 12Noon to 3:30PM, 4PM to 6:30PM, 7PM to 12Midnight (Fri-Sat)"
eat.fit,https://www.zomato.com/hyderabad/eat-fit-gachibowli,500.0,Food Hygiene Rated Restaurants in Hyderabad,"Healthy Food, North Indian, Continental, South Indian",7 AM to 10 PM
Shah Ghouse Spl Shawarma,https://www.zomato.com/hyderabad/shah-ghouse-spl-shawarma-gachibowli,300.0,,Lebanese,12 Noon to 12 Midnight
Hyper Local,https://www.zomato.com/hyderabad/hyper-local-gachibowli,1000.0,"Great Buffets, Live Sports Screenings, Best Bars & Pubs, Trending This Week","American, Chinese, North Indian, Kebab, South Indian",12 Noon to 12 Midnight
Cream Stone,https://www.zomato.com/hyderabad/cream-stone-gachibowli,350.0,Frozen Delights,"Ice Cream, Desserts","10 AM to 1 AM (Mon-Thu), 10 AM to 1:30 AM (Fri-Sun)"
Sardarji's Chaats & More,https://www.zomato.com/hyderabad/sardarjis-chaats-more-gachibowli,400.0,"Street Food, Veggie Friendly, Pocket Friendly","Street Food, North Indian, Fast Food","12 Noon to 3:30 PM, 7 PM to 10:30 PM"
Barbeque Nation,https://www.zomato.com/hyderabad/barbeque-nation-gachibowli,1600.0,Barbecue & Grill,"Mediterranean, North Indian, Kebab, BBQ","12 Noon to 3:30 PM, 6:30 PM to 11:30 PM"
Absolute Sizzlers,https://www.zomato.com/hyderabad/absolute-sizzlers-gachibowli,750.0,Great Buffets,"Continental, American, Chinese",11:30 AM to 1 AM
The Lal Street - Bar Exchange,https://www.zomato.com/hyderabad/the-lal-street-bar-exchange-gachibowli,1300.0,"Corporate Favorites, Happy Hours, Live Sports Screenings, Rooftops, Trending This Week","North Indian, Italian, Finger Food",12noon to 12midnight (Mon-Sun)
AB's - Absolute Barbecues,https://www.zomato.com/hyderabad/abs-absolute-barbecues-gachibowli,1500.0,"Barbecue & Grill, Great Buffets, Corporate Favorites, Hyderabad's Hottest","European, Mediterranean, North Indian","12 Noon to 4:30 PM, 6:30 PM to 11:30 PM"
KFC,https://www.zomato.com/hyderabad/kfc-gachibowli,500.0,,"Burger, Fast Food",11 AM to 11 PM
NorFest - The Dhaba,https://www.zomato.com/hyderabad/norfest-the-dhaba-gachibowli,550.0,,North Indian,12 Noon to 10:30 PM
Hotel Zara Hi-Fi,https://www.zomato.com/hyderabad/hotel-zara-gachibowli,400.0,,"Chinese, North Indian",11:30 AM to 1 AM
10 Downing Street,https://www.zomato.com/hyderabad/10-downing-street-gachibowli,1900.0,Trending This Week,"North Indian, Chinese, Continental",12 Noon to 12 Midnight
Pakwaan Grand,https://www.zomato.com/hyderabad/pakwaan-grand-gachibowli,400.0,Trending This Week,"North Indian, Chinese, Biryani",12 Noon to 11 PM
13 Dhaba,https://www.zomato.com/hyderabad/13-dhaba-gachibowli,450.0,Veggie Friendly,North Indian,"12:30 PM to 10 PM (Tue-Sun), Mon Closed"
Jonathan's Kitchen - Holiday Inn Express & Suites,https://www.zomato.com/hyderabad/jonathans-kitchen-holiday-inn-express-suites-gachibowli,1900.0,"Great Italian, Sunday Brunches","North Indian, Japanese, Italian, Salad, Sushi","11:30 AM to 3 PM, 7 PM to 11 PM"
B-Dubs,https://www.zomato.com/hyderabad/b-dubs-gachibowli,1600.0,Hyderabad's Hottest,American,"11am to 11:30pm (Mon, Tue, Wed, Thu, Sun), 11am to 12midnight (Fri-Sat)"
Amul,https://www.zomato.com/hyderabad/amul-gachibowli,150.0,,"Ice Cream, Desserts",10 AM to 5 AM
SKYHY,https://www.zomato.com/hyderabad/skyhy-gachibowli,1400.0,"Live Sports Screenings, Gigs and Events","North Indian, Chinese, Continental","12 Noon to 12 Midnight (Mon-Thu, Sun), 12 Noon to 1 AM (Fri-Sat)"
Tiki Shack,https://www.zomato.com/hyderabad/tiki-shack-gachibowli,1000.0,,Continental,"12Noon to 11PM (Mon-Thu),12Noon to 11:30PM (Fri-Sun)"
Mustang Terrace Lounge,https://www.zomato.com/hyderabad/mustang-terrace-lounge-gachibowli,1300.0,"Rooftops, Live Sports Screenings, Best Bars & Pubs","Mexican, Italian, North Indian, Chinese, Salad","12 Noon to 11:30 PM (Mon-Wed), 12 Noon to 1 AM (Fri-Sat), 12 Noon to 12 Midnight (Sun), Thu Closed"
"3B's - Buddies, Bar & Barbecue",https://www.zomato.com/hyderabad/3bs-buddies-bar-barbecue-gachibowli,1100.0,"Barbecue & Grill, Live Sports Screenings","North Indian, Mediterranean, European","12 Noon to 4 PM, 6:30 PM to 11:30 PM"
Behrouz Biryani,https://www.zomato.com/hyderabad/behrouz-biryani-gachibowli,600.0,,"Mughlai, Biryani",10 AM to 1 AM
Hunger Maggi Point,https://www.zomato.com/hyderabad/hunger-maggi-point-gachibowli,200.0,,Fast Food,4:30 PM to 5:30 AM
Pot Pourri,https://www.zomato.com/hyderabad/pot-pourri-gachibowli,900.0,,"Andhra, South Indian, North Indian",
Pista House,https://www.zomato.com/hyderabad/pista-house-2-gachibowli,1000.0,Haleem,"Bakery, North Indian, Mughlai, Juices, Chinese",11 AM to 12 Midnight
Marsala Food Company,https://www.zomato.com/hyderabad/marsala-food-company-gachibowli,700.0,"Mandi, Great Buffets, The ‘Must Visit’ Eateries","Arabian, North Indian, Chinese","12noon to 4pm, 7pm to 12midnight (Mon-Sun)"
Club Rogue,https://www.zomato.com/hyderabad/club-rogue-gachibowli,900.0,,"North Indian, Fast Food",11 AM to 12 Midnight
Mazzo - Marriott Executive Apartments,https://www.zomato.com/hyderabad/mazzo-marriott-executive-apartments-gachibowli,1700.0,"Top-Rated, Gold Curated, Fancy and Fun","Italian, North Indian, South Indian, Asian",6am to 12midnight (Mon-Sun)
Green Bawarchi Restaurant,https://www.zomato.com/hyderabad/green-bawarchi-restaurant-gachibowli,700.0,,"North Indian, Chinese, Biryani",12 Noon to 11 PM
Banana Leaf Multicuisine Restaurant,https://www.zomato.com/hyderabad/banana-leaf-multicuisine-restaurant-gachibowli,700.0,Great Buffets,"Biryani, South Indian, North Indian, Chinese, Andhra","12:30 PM to 3:30 PM, 7 PM to 10:40 PM"
Kritunga Restaurant,https://www.zomato.com/hyderabad/kritunga-restaurant-gachibowli,500.0,,"Andhra, Biryani, Hyderabadi, North Indian","12 Noon to 4 PM, 7 PM to 11 PM"
The Glass Onion,https://www.zomato.com/hyderabad/the-glass-onion-gachibowli,1200.0,Fancy and Fun,"North Indian, Continental, Italian, Asian","12noon to 11pm (Mon, Tue, Wed, Thu, Sun), 12noon to 12midnight (Fri-Sat)"
Deli 9 Bistro,https://www.zomato.com/hyderabad/deli-9-bistro-gachibowli,700.0,,"Cafe, Continental, Desserts",12 Noon to 10:30 PM
Frio Bistro,https://www.zomato.com/hyderabad/frio-bistro-gachibowli,1200.0,,"European, Italian, Continental, Spanish",12noon to 11pm (Mon-Sun)
Karachi Bakery,https://www.zomato.com/hyderabad/karachi-bakery-gachibowli,500.0,,"Bakery, Fast Food, Desserts",10 AM to 10 PM
Karachi Cafe,https://www.zomato.com/hyderabad/karachi-cafe-gachibowli,600.0,,"Cafe, Desserts, Fast Food",10 AM to 10 PM
The Foodie Monster Kitchen,https://www.zomato.com/hyderabad/the-foodie-monster-kitchen-gachibowli,500.0,"Great Breakfasts, Late Night Restaurants, Best shawarmas","American, Wraps, Desserts",7 AM to 1 AM
La La Land - Bar & Kitchen,https://www.zomato.com/hyderabad/la-la-land-bar-kitchen-gachibowli,1000.0,"Great Buffets, Trending This Week","Finger Food, North Indian, Kebab, Chinese",12 Noon to 11:30 PM
Owm Nom Nom,https://www.zomato.com/hyderabad/owm-nom-nom-gachibowli,900.0,,"Chinese, Biryani, Andhra, North Indian",12Noon to 11:30PM (Mon-Sun)
Ulavacharu,https://www.zomato.com/hyderabad/ulavacharu-gachibowli,1400.0,"Function Venues, Regional Favorites","Andhra, North Indian, Chinese",12 Noon to 11:30 PM
Shanghai Chef 2,https://www.zomato.com/hyderabad/shanghai-chef-2-gachibowli,800.0,Pan-Asian Delicacies,"Chinese, Thai, Indonesian, Asian",12 Noon to 11 PM
Udipi's Upahar,https://www.zomato.com/hyderabad/udipis-upahar-gachibowli,500.0,,"South Indian, North Indian, Chinese",6 AM to 10:30 PM
Mathura Vilas,https://www.zomato.com/hyderabad/mathura-vilas-gachibowli,500.0,"Veggie Friendly, Terrific Thalis","South Indian, North Indian, Chinese","11:30 AM to 3:30 PM, 6:45 PM to 11:30 PM"
Gal Punjab Di,https://www.zomato.com/hyderabad/gal-punjab-di-gachibowli,800.0,,"North Indian, Continental","11:55 AM to 4 PM, 7 PM to 11:15 PM"
Hitech Bawarchi Food Zone,https://www.zomato.com/hyderabad/hitech-bawarchi-food-zone-gachibowli,500.0,,"Biryani, North Indian, Chinese",12 Noon to 11 PM
Biryanis And More,https://www.zomato.com/hyderabad/biryanis-and-more-gachibowli,500.0,,"North Indian, Biryani, Chinese",11 AM to 11 PM
Diners Pavilion,https://www.zomato.com/hyderabad/diners-pavilion-gachibowli,1200.0,"Great Buffets, Live Sports Screenings","Chinese, Continental, Italian","12noon to 4:30pm, 6:30pm to 11:30pm (Mon, Tue, Wed, Fri, Sat), Closed (Thu),12noon to 12midnight (Sun)"
Asian Meal Box,https://www.zomato.com/hyderabad/asian-meal-box-gachibowli,200.0,,Asian,"12noon to 12midnight (Mon, Tue, Wed, Thu, Sun), 12noon to 1am (Fri-Sat)"
Cafe Eclat,https://www.zomato.com/hyderabad/cafe-eclat-gachibowli,700.0,Sneak Peek Hyderabad,"Cafe, Bakery",8 AM to 11:30 PM
Feast - Sheraton Hyderabad Hotel,https://www.zomato.com/hyderabad/feast-sheraton-hyderabad-hotel-gachibowli,2500.0,"Sunday Brunches, Great Breakfasts, Function Venues, Ramzan Mubarak","Modern Indian, Asian, Continental, Italian","6:30am to 10:30am, 12:30pm to 3pm, 7pm to 11pm (Mon),6:30am to 10:30am, 12:30pm to 3pm, 7:30pm to 11pm (Tue-Sat),6:30am to 10:30am, 12:30pm to 3:30pm, 7pm to 11pm (Sun)"
Being Hungry,https://www.zomato.com/hyderabad/being-hungry-gachibowli,450.0,,"North Indian, Chinese","12 Noon to 3 PM, 7 PM to 11:30 PM"
Tempteys,https://www.zomato.com/hyderabad/tempteys-gachibowli,350.0,Best Milkshakes,"Desserts, Beverages",11:30 AM to 1 AM
KS Bakers,https://www.zomato.com/hyderabad/ks-bakers-gachibowli,200.0,,"Bakery, Desserts, Fast Food",9 AM to 10 PM
PourHouse7,https://www.zomato.com/hyderabad/pourhouse7-gachibowli,1200.0,"Happy Hours, Top Drinking Destinations, Corporate Favorites","North Indian, Continental, Chinese, Italian","12 Noon to 12 Midnight (Mon-Thu, Sun), 12 Noon to 1 AM (Fri-Sat)"
Prism Club & Kitchen,https://www.zomato.com/hyderabad/prism-club-kitchen-gachibowli,1200.0,"Sneak Peek Hyderabad, Best Bars & Pubs, Gigs and Events","Kebab, Continental, Italian, North Indian",5pm to 12midnight (Mon-Sun)
Shree Santosh Dhaba Family Restaurant,https://www.zomato.com/hyderabad/shree-santosh-dhaba-family-restaurant-gachibowli,500.0,,"North Indian, Chinese, Fast Food",11 AM to 11:30 PM
Dine O China,https://www.zomato.com/hyderabad/dine-o-china-gachibowli,850.0,,"Chinese, Asian, Momos",11:30AM to 11PM (Mon-Sun)
Hyderabad Chefs,https://www.zomato.com/hyderabad/hyderabad-chefs-gachibowli,600.0,,"North Indian, Chinese",12 Noon to 10:30 PM
Komatose - Holiday Inn Express & Suites,https://www.zomato.com/hyderabad/komatose-holiday-inn-express-suites-gachibowli,1500.0,"Happy Hours, Top-Rated, Gold Curated","North Indian, Chinese, Japanese, Sushi",1 PM to 11 PM
Aromas@11SIX,https://www.zomato.com/hyderabad/aromas11six-gachibowli,750.0,,"North Indian, Chinese, Mughlai, Biryani",11:30 AM to 12 Midnight
Yum Yum Tree - The Arabian Food Court,https://www.zomato.com/hyderabad/yum-yum-tree-the-arabian-food-court-gachibowli,1200.0,Food Hygiene Rated Restaurants in Hyderabad,"North Indian, Hyderabadi",12 Noon to 12 Midnight
The Tilt Bar Republic,https://www.zomato.com/thetiltbarrepublic,1500.0,"Gigs and Events, Corporate Favorites","North Indian, Continental, Italian",12noon to 12midnight (Mon-Sun)
The Indi Grill,https://www.zomato.com/hyderabad/the-indi-grill-gachibowli,1500.0,"Food Hygiene Rated Restaurants in Hyderabad, Great Buffets, Hyderabad's Hottest","BBQ, Asian, Modern Indian",12noon to 11pm (Mon-Sun)
Urban Asia - Kitchen & Bar,https://www.zomato.com/hyderabad/urban-asia-kitchen-bar-gachibowli,1100.0,,"Asian, Thai, Chinese, Sushi, Momos","12 Noon to 3 PM, 7 PM to 11 PM"
Eat India Company,https://www.zomato.com/hyderabad/eat-india-company-gachibowli,1300.0,,"North Indian, Mughlai, Beverages","12 Noon to 3 PM, 7 PM to 11 PM"
Labonel,https://www.zomato.com/hyderabad/labonel-gachibowli,1000.0,Best Bakeries,"Bakery, Desserts","11 AM to 8 PM (Mon-Sat), Sun Closed"
Driven Cafe,https://www.zomato.com/hyderabad/driven-cafe-gachibowli,600.0,,"Cafe, Fast Food, Beverages",4 AM to 12 Midnight
Faasos,https://www.zomato.com/hyderabad/faasos-gachibowli,600.0,,"Fast Food, Biryani, Desserts",9 AM to 1 AM
Royal Spicy Restaurant,https://www.zomato.com/hyderabad/royal-spicy-restaurant-gachibowli,700.0,,"North Indian, South Indian",10:30 AM to 11 PM
The Old Madras Baking Company,https://www.zomato.com/hyderabad/the-old-madras-baking-company-gachibowli,350.0,,Bakery,7 AM to 11 PM
Squeeze @ The Lime,https://www.zomato.com/hyderabad/squeeze-the-lime-gachibowli,650.0,Veggie Friendly,"Italian, North Indian, Chinese, Salad","7 AM to 10:30 AM, 12:30 PM to 3:30 PM, 7 PM to 11 PM"
Khaan Saab,https://www.zomato.com/hyderabad/khaan-saab-gachibowli,1100.0,New on Gold,"North Indian, Mughlai","12 Noon to 3:30 PM, 7 PM to 11:30 PM"
Olive Garden,https://www.zomato.com/hyderabad/olive-garden-gachibowli,700.0,,"North Indian, Chinese, Continental, Biryani","12 Noon to 3:30 PM, 7 PM to 11 PM"
Tandoori Food Works,https://www.zomato.com/hyderabad/tandoori-food-works-gachibowli,500.0,Brilliant Biryanis,"North Indian, Burger, Kebab","12noon to 12midnight (Mon, Tue, Wed, Thu, Sun), 12noon to 1am (Fri-Sat)"
Delhi-39,https://www.zomato.com/hyderabad/delhi-39-gachibowli,600.0,,"North Indian, Chinese",11am to 11pm (Mon-Sun)
Al Saba Restaurant,https://www.zomato.com/hyderabad/al-saba-restaurant-gachibowli,750.0,,"North Indian, Chinese, Seafood, Biryani, Hyderabadi",6 AM to 11:30 PM
GD's,https://www.zomato.com/hyderabad/gds-gachibowli,500.0,,"Burger, American",11:30 AM to 5 AM
T Grill,https://www.zomato.com/hyderabad/t-grill-gachibowli,700.0,,"North Indian, Andhra, Biryani, Chinese","12:30 PM to 3:30 PM, 7 PM to 11 PM"
Momos Delight,https://www.zomato.com/hyderabad/momos-delight-gachibowli,200.0,,Momos,6pm to 2am (Mon-Sun)
The Chocolate Room,https://www.zomato.com/hyderabad/the-chocolate-room-gachibowli,600.0,,"Cafe, Desserts",10 AM to 12 Midnight
American Wild Wings,https://www.zomato.com/hyderabad/american-wild-wings-gachibowli,600.0,Food Hygiene Rated Restaurants in Hyderabad,"American, Fast Food, Salad, Burger",12 Noon to 4 AM
Domino's Pizza,https://www.zomato.com/hyderabad/dominos-pizza-4-gachibowli,400.0,,"Fast Food, Pizza",11 AM to 11 PM
Mohammedia Shawarma,https://www.zomato.com/hyderabad/mohammedia-shawarma-gachibowli,150.0,,"Street Food, Arabian",1 PM to 1 AM
Arena Eleven,https://www.zomato.com/hyderabad/arena-eleven-gachibowli,1600.0,New on Gold,Continental,12 Noon to 12 Midnight
Cascade - Radisson Hyderabad Hitec City,https://www.zomato.com/hyderabad/cascade-radisson-hyderabad-hitec-city-gachibowli,1800.0,,"North Indian, Italian, Continental, Asian",24 Hours
Collage - Hyatt Hyderabad Gachibowli,https://www.zomato.com/hyderabad/collage-hyatt-hyderabad-gachibowli-gachibowli,2800.0,Sunday Brunches,"Continental, Italian, North Indian, Chinese, Asian",24 Hours (Mon-Sun)
Zing's Northeast Kitchen,https://www.zomato.com/hyderabad/zings-northeast-kitchen-gachibowli,550.0,,"North Eastern, Momos","11:30 AM to 4 PM, 7 PM to 11 PM"
Dunkin' Donuts,https://www.zomato.com/hyderabad/dunkin-donuts-gachibowli,550.0,,"Desserts, Cafe, Beverages, Burger, Fast Food",10 AM to 11 PM
Desi Bytes,https://www.zomato.com/hyderabad/desi-bytes-gachibowli,400.0,,"North Indian, Chinese","1 PM to 2 AM (Mon, Wed-Sun), Tue Closed"
Hyderabadi Daawat,https://www.zomato.com/hyderabad/hyderabadi-daawat-1-gachibowli,600.0,Food Hygiene Rated Restaurants in Hyderabad,"Hyderabadi, Chinese, Mughlai",12:30pm to 11:30pm (Mon-Sun)
Zega - Sheraton Hyderabad Hotel,https://www.zomato.com/hyderabad/zega-sheraton-hyderabad-hotel-gachibowli,1750.0,,"Asian, Sushi",12Noon to 2AM (Mon-Sun)
Triptify,https://www.zomato.com/hyderabad/triptify-gachibowli,400.0,,North Indian,11 AM to 11 PM
Chinese Pavilion,https://www.zomato.com/hyderabad/chinese-pavilion-gachibowli,1000.0,,"Chinese, Seafood","12 Noon to 3:30 PM, 7 PM to 11 PM"
IndiBlaze,https://www.zomato.com/hyderabad/indiblaze-gachibowli,600.0,,"Fast Food, Salad",11 AM to 11 PM
Sweet Basket,https://www.zomato.com/hyderabad/sweet-basket-gachibowli,200.0,,"Bakery, Mithai","10 AM to 10 PM (Mon-Thu), 8 AM to 10:30 PM (Fri-Sun)"
Angaara Counts 3,https://www.zomato.com/hyderabad/angaara-counts-3-gachibowli,500.0,,"North Indian, Biryani, Chinese",12 Noon to 11 PM
Wich Please,https://www.zomato.com/hyderabad/wich-please-1-gachibowli,250.0,,Fast Food,8am to 12:30AM (Mon-Sun)
Republic Of Noodles - Lemon Tree Hotel,https://www.zomato.com/hyderabad/republic-of-noodles-lemon-tree-hotel-gachibowli,1700.0,Pan-Asian Delicacies,"Thai, Asian, Chinese, Malaysian","11:30 AM to 3 PM, 7 PM to 12 Midnight"
